notice_id,sam_notice_id,title,agency,matched_lane,fit_score,prime_reality_score,recommendation,conditional_recommendation,status,next_action,owner,due_date_user_local,deadline_status,compliance_risk,rfi_needed,set_aside_hard_gate,has_resource_links,resource_link_count,ui_link,notes,last_updated
HE125426QE041,4848111d989545ec9e20b3e6d02ccf2f,Fort Campbell Integrated Pest Management (IPM) Services,DEPT OF DEFENSE.DEPT OF DEFENSE EDUCATION ACTIVITY (DODEA).DOD EDUCATION ACTIVITY,pest_control,65,65,Review,Review as Prime or Teaming Candidate,Watch,"Open attachments and review PWS, SF1449, pricing, amendments, and evaluation criteria.",,2026-06-02 03:00 PM CDT,reasonable,Low,No,No,Yes,1,https://sam.gov/workspace/contract/opp/4848111d989545ec9e20b3e6d02ccf2f/view,,2026-05-20 23:50:42
FA254926EISTRFI,8ebed717b1ad4e89803adb6226000246,STARCOM Delt 1 Enlisted Initial Skills Training,DEPT OF DEFENSE.DEPT OF THE AIR FORCE.SPACE TRAINING AND READINESS COMMAND.FA2549 STARCOM CONTRACTING PK,training_documentation,59,59,Watch / Possible Subcontractor,Review as Prime or Teaming Candidate,Watch,"Open attachments and review PWS, SF1449, pricing, amendments, and evaluation criteria.",,2026-06-02 03:00 PM CDT,reasonable,Low,No,No,Yes,1,https://sam.gov/workspace/contract/opp/8ebed717b1ad4e89803adb6226000246/view,,2026-05-20 23:50:42
12639526Q0148,7d946b6181e24c15b4ee6ba825407582,"Janitorial Services for USDA, APHIS, PPQ in Avoca, NY","AGRICULTURE, DEPARTMENT OF.ANIMAL AND PLANT HEALTH INSPECTION SERVICE.MRPBS MINNEAPOLIS MN",janitorial_facility_support,59,59,Watch / Possible Subcontractor,Review as Prime or Teaming Candidate,Watch,"Open attachments and review PWS, SF1449, pricing, amendments, and evaluation criteria.",,2026-06-08 12:00 PM CDT,reasonable,Low,No,No,Yes,5,https://sam.gov/workspace/contract/opp/7d946b6181e24c15b4ee6ba825407582/view,,2026-05-20 23:50:42
W912BV26QA059,736b1493599141ff840ec1e2e814ac40,Tulsa Resident Office Janitorial Services,DEPT OF DEFENSE.DEPT OF THE ARMY.US ARMY CORPS OF ENGINEERS.ENGINEER DIVISION SOUTHWESTERN.ENDIST TULSA.W076 ENDIST TULSA,janitorial_facility_support,59,59,Watch / Possible Subcontractor,Review as Prime or Teaming Candidate,Watch,"Open attachments and review PWS, SF1449, pricing, amendments, and evaluation criteria.",,2026-06-08 02:00 PM CDT,reasonable,Low,No,No,Yes,1,https://sam.gov/workspace/contract/opp/736b1493599141ff840ec1e2e814ac40/view,,2026-05-20 23:50:42
1240BD26Q0051,1589f8fa2e8949308037010122aca0b4,"Janitorial Services, Newport Ranger Station","AGRICULTURE, DEPARTMENT OF.FOREST SERVICE.USDA-FS, CSA NORTHWEST 2",janitorial_facility_support,59,59,Watch / Possible Subcontractor,Review as Prime or Teaming Candidate,Watch,"Open attachments and review PWS, SF1449, pricing, amendments, and evaluation criteria.",,2026-06-10 03:00 PM CDT,reasonable,Low,No,No,Yes,1,https://sam.gov/workspace/contract/opp/1589f8fa2e8949308037010122aca0b4/view,,2026-05-20 23:50:42
75H71526Q00017,ff765ca6218e48afa57eec480d434b25,"Janitorial Services for the Indian Health Service, Lockport Service Unit","HEALTH AND HUMAN SERVICES, DEPARTMENT OF.INDIAN HEALTH SERVICE.NASHVILLE AREA INDIAN HEALTH SVC",janitorial_facility_support,59,59,Watch / Possible Subcontractor,Review as Prime or Teaming Candidate,Watch,"Open attachments and review PWS, SF1449, pricing, amendments, and evaluation criteria.",,2026-06-01 03:00 PM CDT,reasonable,Low,No,No,Yes,6,https://sam.gov/workspace/contract/opp/ff765ca6218e48afa57eec480d434b25/view,,2026-05-20 23:50:42
1305M326Q0207,f3178bcbce5841c38f509bc69de9486d,"JANITORIAL SERVICES AT NWS IN GRAND RAPIDS, MI","COMMERCE, DEPARTMENT OF.NATIONAL OCEANIC AND ATMOSPHERIC ADMINISTRATION.DEPT OF COMMERCE NOAA",janitorial_facility_support,59,59,Watch / Possible Subcontractor,Review as Prime or Teaming Candidate,Watch,"Open attachments and review PWS, SF1449, pricing, amendments, and evaluation criteria.",,2026-06-02 11:00 AM CDT,reasonable,Low,No,No,Yes,3,https://sam.gov/workspace/contract/opp/f3178bcbce5841c38f509bc69de9486d/view,,2026-05-20 23:50:42
140FS226Q0112,7111b288107649b3a03da3d6ffeb680c,S--NM VALLE DE ORO NWR JANITORIAL SERVICES,"INTERIOR, DEPARTMENT OF THE.US FISH AND WILDLIFE SERVICE.FWS, SAT TEAM 2",janitorial_facility_support,59,59,Watch / Possible Subcontractor,Review as Prime or Teaming Candidate,Watch,"Open attachments and review PWS, SF1449, pricing, amendments, and evaluation criteria.",,2026-06-03 04:00 PM CDT,reasonable,Low,No,No,Yes,4,https://sam.gov/workspace/contract/opp/7111b288107649b3a03da3d6ffeb680c/view,,2026-05-20 23:50:42
140FS126Q0097,bef77dab62254a4c8639896d963b8a5d,CA-CA/NV FHC-JANITORIAL SERVICES,"INTERIOR, DEPARTMENT OF THE.US FISH AND WILDLIFE SERVICE.FWS, SAT TEAM 1",janitorial_facility_support,59,59,Watch / Possible Subcontractor,Review as Prime or Teaming Candidate,Watch,"Open attachments and review PWS, SF1449, pricing, amendments, and evaluation criteria.",,2026-05-28 12:00 PM CDT,reasonable,Low,No,No,Yes,1,https://sam.gov/workspace/contract/opp/bef77dab62254a4c8639896d963b8a5d/view,,2026-05-20 23:50:42
127EAT26Q0061,b0f7039a940948ada88dd290f66ba2b6,"Amendment 1 - Grindstone Pest & Rodent Control Treatment Services, Mendocino NF","AGRICULTURE, DEPARTMENT OF.FOREST SERVICE.USDA FOREST SERVICE",pest_control,59,59,Watch / Possible Subcontractor,Review as Prime or Teaming Candidate,Watch,"Open attachments and review PWS, SF1449, pricing, amendments, and evaluation criteria.",,2026-05-28 07:00 PM CDT,reasonable,Low,No,No,Yes,5,https://sam.gov/workspace/contract/opp/b0f7039a940948ada88dd290f66ba2b6/view,,2026-05-20 23:50:42
89243326QFE000527,3780b84547db4c7bb29551dac80d997f,"F--RFQ Albany, OR Pest Control","ENERGY, DEPARTMENT OF.ENERGY, DEPARTMENT OF.NATIONAL ENERGY TECHNOLOGY LABORATORY",pest_control,59,59,Watch / Possible Subcontractor,Review as Prime or Teaming Candidate,Watch,"Open attachments and review PWS, SF1449, pricing, amendments, and evaluation criteria.",,2026-06-01 02:00 PM CDT,reasonable,Low,No,No,Yes,1,https://sam.gov/workspace/contract/opp/3780b84547db4c7bb29551dac80d997f/view,,2026-05-20 23:50:42
NBSFS_RFI_0001,cfc585bf0b6844c8b170951611624c74,NBSFS Server and Services Modernization,DEPT OF DEFENSE.DEPT OF THE AIR FORCE.AIR FORCE MATERIEL COMMAND.AIR FORCE LIFE CYCLE MANAGEMENT CENTER.FA2835 AFLCMC HANSCOM PZI,ai_automation,57,57,Watch / Possible Subcontractor,Review as Prime or Teaming Candidate,Watch,"Open attachments and review PWS, SF1449, pricing, amendments, and evaluation criteria.",,2026-06-01 12:00 PM CDT,reasonable,Low,No,No,Yes,1,https://sam.gov/workspace/contract/opp/cfc585bf0b6844c8b170951611624c74/view,,2026-05-20 23:50:42
FA452826KH0001,3b36c07d598e45fca8934cd21ba8757a,Virtual Environment Trainer,DEPT OF DEFENSE.DEPT OF THE AIR FORCE.AIR FORCE GLOBAL STRIKE COMMAND.FA4528  5 CONS,training_documentation,57,57,Watch / Possible Subcontractor,Review as Prime or Teaming Candidate,Watch,"Open attachments and review PWS, SF1449, pricing, amendments, and evaluation criteria.",,2026-05-29 12:00 PM CDT,reasonable,Low,No,No,Yes,1,https://sam.gov/workspace/contract/opp/3b36c07d598e45fca8934cd21ba8757a/view,,2026-05-20 23:50:42
FA251826Q0001,8e09c3954c51417aac95db2be75b9614,NNC A&AS Technical Rescue Trainings and Curriculum Development,DEPT OF DEFENSE.DEPT OF THE AIR FORCE.AIR FORCE SPACE COMMAND.FA2518 USSF SPOC/SAIO,training_documentation,57,57,Watch / Possible Subcontractor,Review as Prime or Teaming Candidate,Watch,"Open attachments and review PWS, SF1449, pricing, amendments, and evaluation criteria.",,2026-06-10 01:00 PM CDT,reasonable,Low,No,No,Yes,5,https://sam.gov/workspace/contract/opp/8e09c3954c51417aac95db2be75b9614/view,,2026-05-20 23:50:42
127EAY26Q0064,5f4491311b614eb795856cd7db62a114,INF South Zone Districts Janitorial,"AGRICULTURE, DEPARTMENT OF.FOREST SERVICE.INYO NATIONAL FOREST",janitorial_facility_support,57,57,Watch / Possible Subcontractor,Review as Prime or Teaming Candidate,Watch,"Open attachments and review PWS, SF1449, pricing, amendments, and evaluation criteria.",,2026-06-04 07:00 PM CDT,reasonable,Low,No,No,Yes,8,https://sam.gov/workspace/contract/opp/5f4491311b614eb795856cd7db62a114/view,,2026-05-20 23:50:42
W9123826QA017,4e923b7f80fc4652a57083b68b25704a,Success Lake - Office Janitorial Services,DEPT OF DEFENSE.DEPT OF THE ARMY.US ARMY CORPS OF ENGINEERS.ENGINEER DIVISION SOUTH PACIFIC.ENDIST SACRAMENTO.W075 ENDIST SACRAMENTO,janitorial_facility_support,57,57,Watch / Possible Subcontractor,Review as Prime or Teaming Candidate,Watch,"Open attachments and review PWS, SF1449, pricing, amendments, and evaluation criteria.",,2026-06-23 01:00 PM CDT,long_window,Low,No,No,Yes,1,https://sam.gov/workspace/contract/opp/4e923b7f80fc4652a57083b68b25704a/view,,2026-05-20 23:50:42
140L6226Q0011,b276270216d44205a3be52cc8a7f268b,NHTIC JANITORIAL 2026,"INTERIOR, DEPARTMENT OF THE.BUREAU OF LAND MANAGEMENT.WYOMING STATE OFFICE",janitorial_facility_support,57,57,Watch / Possible Subcontractor,Review as Prime or Teaming Candidate,Watch,"Open attachments and review PWS, SF1449, pricing, amendments, and evaluation criteria.",,2026-06-03 03:00 PM CDT,reasonable,Low,No,No,Yes,6,https://sam.gov/workspace/contract/opp/b276270216d44205a3be52cc8a7f268b/view,,2026-05-20 23:50:42
W912CN-26-Q-A011,8f1c7ef3c40142498ef29e4d34d8a433,Termite Treatment & Fumigation Services,DEPT OF DEFENSE.DEPT OF THE ARMY.AMC.ACC.ACC-OO.413TH CSB.0413 AQ HQ     RCO-HI,pest_control,57,57,Watch / Possible Subcontractor,Review as Prime or Teaming Candidate,Watch,"Open attachments and review PWS, SF1449, pricing, amendments, and evaluation criteria.",,2026-06-08 05:00 PM CDT,reasonable,Low,No,No,Yes,8,https://sam.gov/workspace/contract/opp/8f1c7ef3c40142498ef29e4d34d8a433/view,,2026-05-20 23:50:42
47QSSC-26-Q-0163,fa95d06207ed495ba2a4bef1995e7024,Disposable Cups,GENERAL SERVICES ADMINISTRATION.FEDERAL ACQUISITION SERVICE.GSA/FAS ADMIN SVCS ACQUISITION BR(2,facility_supplies_distribution,57,57,Watch / Possible Subcontractor,Review as Prime or Teaming Candidate,Watch,"Open attachments and review PWS, SF1449, pricing, amendments, and evaluation criteria.",,2026-05-29 04:00 PM CDT,reasonable,Low,No,No,Yes,8,https://sam.gov/workspace/contract/opp/fa95d06207ed495ba2a4bef1995e7024/view,,2026-05-20 23:50:42
W911YU26QA010,133ffe729699492abcb181c94cdfcc76,Guam Army National Guard Publicity Assistant,DEPT OF DEFENSE.DEPT OF THE ARMY.NATIONAL GUARD BUREAU.JFHQ USPFO GU.USPFO GU PROCUREMENT.W7QP USPFO ACTIVITY GU ARNG,marketing_communications,55,55,Watch / Possible Subcontractor,Review as Prime or Teaming Candidate,Watch,"Open attachments and review PWS, SF1449, pricing, amendments, and evaluation criteria.",,2026-06-10 10:00 PM CDT,reasonable,Low,No,No,Yes,1,https://sam.gov/workspace/contract/opp/133ffe729699492abcb181c94cdfcc76/view,,2026-05-20 23:50:42
W911RX26RA004,8053b087d90444c2879cd174c16ac914,III Corps & Fort Hood Material Handling Equipment (MHE),DEPT OF DEFENSE.DEPT OF THE ARMY.AMC.ACC.MISSION INSTALLATION CONTRACTING COMMAND.418TH CSB.W6QM MICC-FT RILEY,trucking_transportation,55,55,Watch / Possible Subcontractor,Review as Prime or Teaming Candidate,Watch,"Open attachments and review PWS, SF1449, pricing, amendments, and evaluation criteria.",,2026-06-08 10:00 AM CDT,reasonable,Low,No,No,Yes,7,https://sam.gov/workspace/contract/opp/8053b087d90444c2879cd174c16ac914/view,,2026-05-20 23:50:42
140P5326Q0027,071b24fa1e054d928b7a64cdb49c9193,GRSM SVC CUSTODIAL CONTRACT,"INTERIOR, DEPARTMENT OF THE.NATIONAL PARK SERVICE.SER SOUTH MABO (54000)",janitorial_facility_support,55,55,Watch / Possible Subcontractor,Review as Prime or Teaming Candidate,Watch,"Open attachments and review PWS, SF1449, pricing, amendments, and evaluation criteria.",,2026-06-22 03:00 PM CDT,long_window,Low,No,No,Yes,5,https://sam.gov/workspace/contract/opp/071b24fa1e054d928b7a64cdb49c9193/view,,2026-05-20 23:50:42
FA461326Q1037,b4eade8e974e4670940a425e134bbab8,PKB LCC Cleaning IDIQ (Service),DEPT OF DEFENSE.DEPT OF THE AIR FORCE.AIR FORCE GLOBAL STRIKE COMMAND.FA4613  90 CONS PK,janitorial_facility_support,55,55,Watch / Possible Subcontractor,Review as Prime or Teaming Candidate,Watch,"Open attachments and review PWS, SF1449, pricing, amendments, and evaluation criteria.",,2026-06-12 11:00 AM CDT,long_window,Low,No,No,Yes,6,https://sam.gov/workspace/contract/opp/b4eade8e974e4670940a425e134bbab8/view,,2026-05-20 23:50:42
36C26126Q0680,b66db4aa2a0d438caffc906adf6acdf9,S207--Integrated Pest Management Services,"VETERANS AFFAIRS, DEPARTMENT OF.VETERANS AFFAIRS, DEPARTMENT OF.261-NETWORK CONTRACT OFFICE 21 (36C261)",pest_control,55,55,Watch / Possible Subcontractor,Review as Prime or Teaming Candidate,Watch,"Open attachments and review PWS, SF1449, pricing, amendments, and evaluation criteria.",,2026-06-01 12:00 PM CDT,reasonable,Low,No,No,Yes,11,https://sam.gov/workspace/contract/opp/b66db4aa2a0d438caffc906adf6acdf9/view,,2026-05-20 23:50:42
N0018926RD008,e8d45bf832e845f48adc81526f2629cf,"U.S. Navy's Marketing and Advertising Program in support of the Commander, Navy Recruiting Command (CNRC).",DEPT OF DEFENSE.DEPT OF THE NAVY.NAVSUP.NAVSUP GLOBAL LOGISTICS SUPPORT.NAVSUP FLC NORFOLK.NAVSUP FLT LOG CTR NORFOLK,marketing_communications,54,54,Watch / Possible Subcontractor,Review as Prime or Teaming Candidate,Watch,"Open attachments and review PWS, SF1449, pricing, amendments, and evaluation criteria.",,2026-06-05 02:00 PM CDT,reasonable,Low,No,No,Yes,4,https://sam.gov/workspace/contract/opp/e8d45bf832e845f48adc81526f2629cf/view,,2026-05-20 23:50:42
W911SG26QA036,abd2758a19f640b1b27252cd09b503d5,Crane and Rigger Support,DEPT OF DEFENSE.DEPT OF THE ARMY.AMC.ACC.MISSION INSTALLATION CONTRACTING COMMAND.418TH CSB.W6QM MICC-FT BLISS,trucking_transportation,53,53,Watch / Possible Subcontractor,Review as Prime or Teaming Candidate,Watch,"Open attachments and review PWS, SF1449, pricing, amendments, and evaluation criteria.",,2026-06-15 11:30 AM CDT,long_window,Low,No,No,Yes,4,https://sam.gov/workspace/contract/opp/abd2758a19f640b1b27252cd09b503d5/view,,2026-05-20 23:50:42
HQCWG9693132,f0504ae96e454cd3945b7f4d26a8de9c,Custodial Services for Commissary and CDC at Osan AB,DEPT OF DEFENSE.DEPT OF THE ARMY.AMC.ACC.ACC-OO.411TH CSB.0906 AQ CO     CONTRACTING BAT,janitorial_facility_support,53,53,Watch / Possible Subcontractor,Review as Prime or Teaming Candidate,Watch,"Open attachments and review PWS, SF1449, pricing, amendments, and evaluation criteria.",,2026-06-02 12:00 AM CDT,reasonable,Low,No,No,Yes,1,https://sam.gov/workspace/contract/opp/f0504ae96e454cd3945b7f4d26a8de9c/view,,2026-05-20 23:50:42
PAN411-26-P-0000-028344,c11659d1360b4aec82b823bce8b1b35a,AI-powered Mosquito Surveillance System,DEPT OF DEFENSE.DEPT OF THE ARMY.AMC.ACC.ACC-OO.411TH CSB.0411 AQ HQ     CONTRACT AUG,pest_control,53,53,Watch / Possible Subcontractor,Review as Prime or Teaming Candidate,Watch,"Open attachments and review PWS, SF1449, pricing, amendments, and evaluation criteria.",,2026-05-31 08:00 PM CDT,reasonable,Low,No,No,Yes,1,https://sam.gov/workspace/contract/opp/c11659d1360b4aec82b823bce8b1b35a/view,,2026-05-20 23:50:42
Sources_Sought_Pest_Control_Services_ZCCHC,7bb64a5de3c94e91b03ddce331c0bb14,Sources Sought-Pest Control Services for Zuni Comprehensive Community Health Center (ZCCHC),"HEALTH AND HUMAN SERVICES, DEPARTMENT OF.INDIAN HEALTH SERVICE.ALBUQUERQUE AREA INDIAN HEALTH SVC",pest_control,52,52,Watch / Possible Subcontractor,Review as Prime or Teaming Candidate,Watch,"Open attachments and review PWS, SF1449, pricing, amendments, and evaluation criteria.",,2026-05-26 04:00 PM CDT,urgent,Low,No,No,Yes,1,https://sam.gov/workspace/contract/opp/7bb64a5de3c94e91b03ddce331c0bb14/view,,2026-05-20 23:50:42
36C25926Q0484,64287c0c92534a8b84701a242f3eb564,U099--Stryker ProCuity Bed Training,"VETERANS AFFAIRS, DEPARTMENT OF.VETERANS AFFAIRS, DEPARTMENT OF.NETWORK CONTRACT OFFICE 19 (36C259)",training_documentation,51,51,Watch / Possible Subcontractor,Review as Prime or Teaming Candidate,Watch,"Open attachments and review PWS, SF1449, pricing, amendments, and evaluation criteria.",,2026-05-29 03:00 PM CDT,reasonable,Low,No,No,Yes,1,https://sam.gov/workspace/contract/opp/64287c0c92534a8b84701a242f3eb564/view,,2026-05-20 23:50:42
140L0126Q0004,d0da5aa20bc242ecbf0aad596d091982,Janitorial Services - Bureau of Land Management Fo,"INTERIOR, DEPARTMENT OF THE.BUREAU OF LAND MANAGEMENT.WASHINGTON DC OFFICE",janitorial_facility_support,51,51,Watch / Possible Subcontractor,Review as Prime or Teaming Candidate,Watch,"Open attachments and review PWS, SF1449, pricing, amendments, and evaluation criteria.",,2026-06-01 11:00 AM CDT,reasonable,Low,No,No,Yes,1,https://sam.gov/workspace/contract/opp/d0da5aa20bc242ecbf0aad596d091982/view,,2026-05-20 23:50:42
36C25726Q0508,85fcdd53f91d459b8f316fd33cb9025b,Amarillo Pest Management,"VETERANS AFFAIRS, DEPARTMENT OF.VETERANS AFFAIRS, DEPARTMENT OF.257-NETWORK CONTRACT OFFICE 17 (36C257)",pest_control,51,51,Watch / Possible Subcontractor,Review as Prime or Teaming Candidate,Watch,"Open attachments and review PWS, SF1449, pricing, amendments, and evaluation criteria.",,2026-05-29 01:00 PM CDT,reasonable,Low,No,No,Yes,6,https://sam.gov/workspace/contract/opp/85fcdd53f91d459b8f316fd33cb9025b/view,,2026-05-20 23:50:42
W911SD26QA073,e0851a57d07b4b0484a23ca0e0f79c59,SYNOPSIS-Wireless Access Points at Camp Buckner,DEPT OF DEFENSE.DEPT OF THE ARMY.AMC.ACC.MISSION INSTALLATION CONTRACTING COMMAND.FDO EUSTIS.W6QM MICC-WEST POINT,ai_automation,50,50,Watch / Possible Subcontractor,Review as Prime or Teaming Candidate,Watch,"Open attachments and review PWS, SF1449, pricing, amendments, and evaluation criteria.",,2026-06-20 11:00 AM CDT,long_window,Low,No,No,Yes,1,https://sam.gov/workspace/contract/opp/e0851a57d07b4b0484a23ca0e0f79c59/view,,2026-05-20 23:50:42
N0018926RW021,3fcd7632f9474876bbe6b19ec9e1246d,NCIS CYBER SECURITY REQUIREMENT,DEPT OF DEFENSE.DEPT OF THE NAVY.NAVSUP.NAVSUP GLOBAL LOGISTICS SUPPORT.NAVSUP FLC NORFOLK.NAVSUP FLT LOG CTR NORFOLK,ai_automation,50,50,Watch / Possible Subcontractor,Review as Prime or Teaming Candidate,Watch,"Open attachments and review PWS, SF1449, pricing, amendments, and evaluation criteria.",,2026-05-28 04:00 PM CDT,reasonable,Low,No,No,Yes,1,https://sam.gov/workspace/contract/opp/3fcd7632f9474876bbe6b19ec9e1246d/view,,2026-05-20 23:50:42
PSC_HPST_SVCS_RFI,43dd070bf7904c659bb7be8f366012cb,REQUEST FOR INFORMATION (RFI) - US Coast Guard Polar Security Cutter (PSC) Human Performance Support and Training (HPS&T) System Technical Support Services,"HOMELAND SECURITY, DEPARTMENT OF.US COAST GUARD.HQ CONTRACT OPERATIONS (CG-912)(000",training_documentation,50,50,Watch / Possible Subcontractor,Review as Prime or Teaming Candidate,Watch,"Open attachments and review PWS, SF1449, pricing, amendments, and evaluation criteria.",,2026-05-27 12:00 PM CDT,urgent,Low,No,No,Yes,2,https://sam.gov/workspace/contract/opp/43dd070bf7904c659bb7be8f366012cb/view,,2026-05-20 23:50:42
1305M226Q0114,7805074e04bf4e6bbb2cecb2cae58ecf,S--Janitorial services contract for NOAA DRC,"COMMERCE, DEPARTMENT OF.NATIONAL OCEANIC AND ATMOSPHERIC ADMINISTRATION.DEPT OF COMMERCE NOAA",janitorial_facility_support,50,50,Watch / Possible Subcontractor,Review as Prime or Teaming Candidate,Watch,"Open attachments and review PWS, SF1449, pricing, amendments, and evaluation criteria.",,2026-05-25 10:00 AM CDT,urgent,Low,No,No,Yes,8,https://sam.gov/workspace/contract/opp/7805074e04bf4e6bbb2cecb2cae58ecf/view,,2026-05-20 23:50:42
127EAY26Q0068,ff0d4e16d2164c2ab95b56c60b907017,Angeles National Forest Pest Control,"AGRICULTURE, DEPARTMENT OF.FOREST SERVICE.Angeles National Forest",pest_control,50,50,Watch / Possible Subcontractor,Review as Prime or Teaming Candidate,Watch,"Open attachments and review PWS, SF1449, pricing, amendments, and evaluation criteria.",,2026-05-27 07:00 PM CDT,urgent,Low,No,No,Yes,9,https://sam.gov/workspace/contract/opp/ff0d4e16d2164c2ab95b56c60b907017/view,,2026-05-20 23:50:42
W9124326QA003,0eeb0448a67f4c629e156bd3d9245286,NEARNG Targeted Advertising with AI Capabilities,DEPT OF DEFENSE.DEPT OF THE ARMY.NATIONAL GUARD BUREAU.JFHQ USPFO NE.USPFO NE PROCUREMENT.W7NL USPFO ACTIVITY NE ARNG,marketing_communications,49,49,Watch / Possible Subcontractor,Watch or Pass,Pass,No immediate action.,,2026-06-22 11:00 AM CDT,long_window,Low,No,No,Yes,1,https://sam.gov/workspace/contract/opp/0eeb0448a67f4c629e156bd3d9245286/view,,2026-05-20 23:50:42
M9549426R0019,fdbb698a3d8145e7ab27cab03378ce33,Insider Threat Monitoring Tool,DEPT OF DEFENSE.DEPT OF THE NAVY.USMC.MARCORP I&L.MARINE CORPS INSTALLATIONS COMMAND.MARINE CORPS INSTALLATIONS COMMAND HQ.COMMANDING OFFICER,ai_automation,49,49,Watch / Possible Subcontractor,Watch or Pass,Pass,No immediate action.,,2026-05-29 09:00 AM CDT,reasonable,Low,No,No,Yes,1,https://sam.gov/workspace/contract/opp/fdbb698a3d8145e7ab27cab03378ce33/view,,2026-05-20 23:50:42
36C10B26Q0436,33712d3bc38846dda1c3095890b9c510,DA01--VA OIT BAM Product Line Appeals Modernization - RFI,"VETERANS AFFAIRS, DEPARTMENT OF.VETERANS AFFAIRS, DEPARTMENT OF.TECHNOLOGY ACQUISITION CENTER NJ (36C10B)",ai_automation,49,49,Watch / Possible Subcontractor,Watch or Pass,Pass,No immediate action.,,2026-05-29 12:00 PM CDT,reasonable,Low,No,No,Yes,3,https://sam.gov/workspace/contract/opp/33712d3bc38846dda1c3095890b9c510/view,,2026-05-20 23:50:42
RFI-GMR-MAY-2026,d14ab699dc3f426ba1c0a8015ae18bd4,Gateway Mission Router (GMR),DEPT OF DEFENSE.DEPT OF THE ARMY.AMC.ACC.ACC-CTRS.ACC RSA.W6QK ACC-RSA,ai_automation,49,49,Watch / Possible Subcontractor,Watch or Pass,Pass,No immediate action.,,2026-05-29 03:00 PM CDT,reasonable,Low,No,No,Yes,1,https://sam.gov/workspace/contract/opp/d14ab699dc3f426ba1c0a8015ae18bd4/view,,2026-05-20 23:50:42
W90VN926QA035,e6562a4a1f344116933099011ccc6af8,"Training Class Academy (Fire Officer III, Fire Instructor III, and Fire Officer IV Certification)",DEPT OF DEFENSE.DEPT OF THE ARMY.AMC.ACC.ACC-OO.411TH CSB.0906 AQ CO     DET A CONTRACTI,training_documentation,49,49,Watch / Possible Subcontractor,Watch or Pass,Pass,No immediate action.,,2026-05-28 01:00 PM CDT,reasonable,Low,No,No,Yes,1,https://sam.gov/workspace/contract/opp/e6562a4a1f344116933099011ccc6af8/view,,2026-05-20 23:50:42
FEBCC,e9db98c1fd5a4edeb7b8eaece05cb6a3,Continuing Legal Education (CLE),GENERAL SERVICES ADMINISTRATION.FEDERAL ACQUISITION SERVICE.GSA/FAS,training_documentation,49,49,Watch / Possible Subcontractor,Watch or Pass,Pass,No immediate action.,,2026-06-05 04:00 PM CDT,reasonable,Low,No,No,Yes,2,https://sam.gov/workspace/contract/opp/e9db98c1fd5a4edeb7b8eaece05cb6a3/view,,2026-05-20 23:50:42
PR15819016,77fde45eb0bf45efb1b2a9a9c48cde18,Contracting of certification services for 17 Polygraph Examiners and the Establishment and Accreditation of a Vetting Training Center under American Polygraph Association (APA) Standards,"STATE, DEPARTMENT OF.STATE, DEPARTMENT OF.US EMBASSY QUITO",training_documentation,49,49,Watch / Possible Subcontractor,Watch or Pass,Pass,No immediate action.,,2026-06-02 05:00 PM CDT,reasonable,Low,No,No,Yes,2,https://sam.gov/workspace/contract/opp/77fde45eb0bf45efb1b2a9a9c48cde18/view,,2026-05-20 23:50:42
N0018926QD064,118a7f993dee46afa319138aef1594a1,Conference Services - N8 Industry Day,DEPT OF DEFENSE.DEPT OF THE NAVY.NAVSUP.NAVSUP GLOBAL LOGISTICS SUPPORT.NAVSUP FLC NORFOLK.NAVSUP FLT LOG CTR NORFOLK,events_video,49,49,Watch / Possible Subcontractor,Watch or Pass,Pass,No immediate action.,,2026-05-27 11:00 AM CDT,urgent,Low,No,No,Yes,2,https://sam.gov/workspace/contract/opp/118a7f993dee46afa319138aef1594a1/view,,2026-05-20 23:50:42
75N99026R00072,d02ef983df544bddb0d088be47332589,Janitorial Services-NIEHS at RTP,"HEALTH AND HUMAN SERVICES, DEPARTMENT OF.NATIONAL INSTITUTES OF HEALTH.NIH A  E CONSTRUCTION",janitorial_facility_support,49,49,Watch / Possible Subcontractor,Watch or Pass,Pass,No immediate action.,,2026-06-18 01:00 PM CDT,long_window,Low,No,No,Yes,2,https://sam.gov/workspace/contract/opp/d02ef983df544bddb0d088be47332589/view,,2026-05-20 23:50:42
W912HY26RA018,a7c06c5a7dd5482da515af5eaaa9ef44,USACE Corpus Christi Resident Office Janitorial and Lawn Maintenance,DEPT OF DEFENSE.DEPT OF THE ARMY.US ARMY CORPS OF ENGINEERS.ENGINEER DIVISION SOUTHWESTERN.ENDIST GALVESTON.W076 ENDIST GALVESTON,janitorial_facility_support,49,49,Watch / Possible Subcontractor,Watch or Pass,Pass,No immediate action.,,2026-06-08 02:00 PM CDT,reasonable,Low,No,No,Yes,1,https://sam.gov/workspace/contract/opp/a7c06c5a7dd5482da515af5eaaa9ef44/view,,2026-05-20 23:50:42
19SF5026Q0028,07a3b3a5f17c45f884dccaf3885190da,Janitorial Services,"STATE, DEPARTMENT OF.STATE, DEPARTMENT OF.US EMBASSY PRETORIA",janitorial_facility_support,49,49,Watch / Possible Subcontractor,Watch or Pass,Pass,No immediate action.,,2026-06-26 04:00 PM CDT,long_window,Low,No,No,Yes,1,https://sam.gov/workspace/contract/opp/07a3b3a5f17c45f884dccaf3885190da/view,,2026-05-20 23:50:42
140P1426Q0074,126c1ea7b57e484bbc856d56af3fc128,CAVE: TERMITE BAIT STATIONS,"INTERIOR, DEPARTMENT OF THE.NATIONAL PARK SERVICE.IMR NORTHERN ROCKIES(12200)",pest_control,49,49,Watch / Possible Subcontractor,Watch or Pass,Pass,No immediate action.,,2026-06-08 11:00 AM CDT,reasonable,Low,No,No,Yes,4,https://sam.gov/workspace/contract/opp/126c1ea7b57e484bbc856d56af3fc128/view,,2026-05-20 23:50:42
127EAY26Q0060,38614b3d6087440e9bc7bbf37e277497,Monterey Ranger District Janitorial,"AGRICULTURE, DEPARTMENT OF.FOREST SERVICE.USDA-FS, CSA SOUTHWEST 1",janitorial_facility_support,48,48,Watch / Possible Subcontractor,Watch or Pass,Pass,No immediate action.,,2026-05-25 04:00 PM CDT,urgent,Low,No,No,Yes,5,https://sam.gov/workspace/contract/opp/38614b3d6087440e9bc7bbf37e277497/view,,2026-05-20 23:50:42
9579c3f6abdd4a06b6730bc0e1f162ad,9579c3f6abdd4a06b6730bc0e1f162ad,Notice of Intent to Sole Source Peace Corps' Marketing Campaign 2026-2029,PEACE CORPS.PEACE CORPS.PEACE CORPS OACM,marketing_communications,47,47,Watch / Possible Subcontractor,Watch or Pass,Pass,No immediate action.,,,unknown,Low,No,No,Yes,1,https://sam.gov/workspace/contract/opp/9579c3f6abdd4a06b6730bc0e1f162ad/view,,2026-05-20 23:50:42
19GE5026Q0065,9e0474c0abd2451393c377f090096e31,"""Freedom 250"" Public Events and Outreach Support, U.S. Embassy Seoul, South Korea","STATE, DEPARTMENT OF.STATE, DEPARTMENT OF.ACQUISITIONS - RPSO FRANKFURT",marketing_communications,47,47,Watch / Possible Subcontractor,Watch or Pass,Pass,No immediate action.,,2026-06-16 03:00 AM CDT,long_window,Low,No,No,Yes,6,https://sam.gov/workspace/contract/opp/9e0474c0abd2451393c377f090096e31/view,,2026-05-20 23:50:42
M6785426I4415,7f6d34b60b02483f88bfb196f2bb4eff,Garrison Tactical Operational Support (GTOS),DEPT OF DEFENSE.DEPT OF THE NAVY.USMC.MARCOR SYSCOM.COMMANDER,ai_automation,47,47,Watch / Possible Subcontractor,Watch or Pass,Pass,No immediate action.,,2026-06-17 11:00 PM CDT,long_window,Low,No,No,Yes,1,https://sam.gov/workspace/contract/opp/7f6d34b60b02483f88bfb196f2bb4eff/view,,2026-05-20 23:50:42
HDTRA1-26-R-0064,c92e4b80a7104c1bb3e5a6cbc8637c45,Notice of Intent to Sole Source: Defense Stockpile Management Systems (DSMS) Support,DEPT OF DEFENSE.DEFENSE THREAT REDUCTION AGENCY (DTRA).DEFENSE THREAT REDUCTION AGENCY,ai_automation,47,47,Watch / Possible Subcontractor,Watch or Pass,Pass,No immediate action.,,2026-06-03 08:00 AM CDT,reasonable,Low,No,No,Yes,1,https://sam.gov/workspace/contract/opp/c92e4b80a7104c1bb3e5a6cbc8637c45/view,,2026-05-20 23:50:42
HUDHECM,a068570161394904b09840bb8b805273,"Home Equity Conversion Mortgage (HECM) Business Service Provider Solution that fully supports all functional requirements, processes, steps, timelines, and reports associated with FHA’s current HECM insurance program and regulatory changes.","HOUSING AND URBAN DEVELOPMENT, DEPARTMENT OF.HOUSING AND URBAN DEVELOPMENT, DEPARTMENT OF.CPO : FHA HOUSING SUPPORT DIVISION",ai_automation,47,47,Watch / Possible Subcontractor,Watch or Pass,Pass,No immediate action.,,2026-06-13 11:00 AM CDT,long_window,Low,No,No,Yes,1,https://sam.gov/workspace/contract/opp/a068570161394904b09840bb8b805273/view,,2026-05-20 23:50:42
RFI-ADBSSS-2026-01,876845837419430cafb352c812bdd711,"Request For Information (RFI) for Application, Database & Server Support Services (ADBSSS)",DEPT OF DEFENSE.DEPT OF THE AIR FORCE.AIR FORCE MATERIEL COMMAND.AIR FORCE SUSTAINMENT CENTER.FA8101  AFSC PZIOA,ai_automation,47,47,Watch / Possible Subcontractor,Watch or Pass,Pass,No immediate action.,,2026-06-12 04:00 PM CDT,long_window,Low,No,No,Yes,1,https://sam.gov/workspace/contract/opp/876845837419430cafb352c812bdd711/view,,2026-05-20 23:50:42
OAM26007S,409e2a4f71b04c75bfd846a157e66687,Human Resource Management System - Amendment 0003,"HOUSE OF REPRESENTATIVES, THE.HOUSE OF REPRESENTATIVES, THE.OFFICE OF ACQUISITIONS MANAGEMENT",ai_automation,47,47,Watch / Possible Subcontractor,Watch or Pass,Pass,No immediate action.,,2026-05-28 01:00 PM CDT,reasonable,Low,No,No,Yes,1,https://sam.gov/workspace/contract/opp/409e2a4f71b04c75bfd846a157e66687/view,,2026-05-20 23:50:42
N0018926QW068,dc13ad8582f04b6b98b4f75f8f3f46c0,Advanced Management Program Support Services,DEPT OF DEFENSE.DEPT OF THE NAVY.NAVSUP.NAVSUP GLOBAL LOGISTICS SUPPORT.NAVSUP FLC NORFOLK.NAVSUP FLT LOG CTR NORFOLK,training_documentation,47,47,Watch / Possible Subcontractor,Watch or Pass,Pass,No immediate action.,,2026-05-26 10:00 AM CDT,urgent,Low,No,No,Yes,5,https://sam.gov/workspace/contract/opp/dc13ad8582f04b6b98b4f75f8f3f46c0/view,,2026-05-20 23:50:42
W9124926RA017,b726679ea4c34577a29a80ef4d39246f,ACO-P Cyber School,DEPT OF DEFENSE.DEPT OF THE ARMY.AMC.ACC.MISSION INSTALLATION CONTRACTING COMMAND.FDO EUSTIS.W6QM MICC-FT GORDON,training_documentation,47,47,Watch / Possible Subcontractor,Watch or Pass,Pass,No immediate action.,,2026-05-28 01:00 PM CDT,reasonable,Low,No,No,Yes,11,https://sam.gov/workspace/contract/opp/b726679ea4c34577a29a80ef4d39246f/view,,2026-05-20 23:50:42
19JA7026Q0085,cb787937f00d4828a8cc34a1c8576301,2027 Sapporo Snow Sculpture,"STATE, DEPARTMENT OF.STATE, DEPARTMENT OF.AMERICAN CONSULATE SAPPO",events_video,47,47,Watch / Possible Subcontractor,Watch or Pass,Pass,No immediate action.,,2026-05-31 10:00 PM CDT,reasonable,Low,No,No,Yes,1,https://sam.gov/workspace/contract/opp/cb787937f00d4828a8cc34a1c8576301/view,,2026-05-20 23:50:42
FA520926R0003,59ae4fafe5524e4b860837d8a615dedc,COMMERCIAL TRUCKING SOLUTION CONTRACT  2.0,DEPT OF DEFENSE.DEPT OF THE AIR FORCE.PACIFIC AIR FORCES.FA5209  374 CONS PK,trucking_transportation,47,47,Watch / Possible Subcontractor,Watch or Pass,Pass,No immediate action.,,2026-06-15 12:00 AM CDT,long_window,Low,No,No,Yes,5,https://sam.gov/workspace/contract/opp/59ae4fafe5524e4b860837d8a615dedc/view,,2026-05-20 23:50:42
140P1526Q0094,948bfa41a8cf4546a8b0b05a8ab92db7,GLCA PURCHASE TRAIL SUPPLIES,"INTERIOR, DEPARTMENT OF THE.NATIONAL PARK SERVICE.IMR ARIZONA(12400)",trucking_transportation,47,47,Watch / Possible Subcontractor,Watch or Pass,Pass,No immediate action.,,2026-06-04 06:00 PM CDT,reasonable,Low,No,No,Yes,3,https://sam.gov/workspace/contract/opp/948bfa41a8cf4546a8b0b05a8ab92db7/view,,2026-05-20 23:50:42
W912EE26QA024,3371323d7e07496f8f14a8576f53ce06,Mat Sinking Unit Washer-Extractors,DEPT OF DEFENSE.DEPT OF THE ARMY.US ARMY CORPS OF ENGINEERS.ENGINEER DIVISION MISSISSIPPI VALLEY.ENDIST VICKSBURG.W07V ENDIST VICKSBURG,facility_supplies_distribution,47,47,Watch / Possible Subcontractor,Watch or Pass,Pass,No immediate action.,,2026-05-28 04:00 PM CDT,reasonable,Low,No,No,Yes,1,https://sam.gov/workspace/contract/opp/3371323d7e07496f8f14a8576f53ce06/view,,2026-05-20 23:50:42
bfe77877418645ac8ddd8dbf0222fc58,bfe77877418645ac8ddd8dbf0222fc58,AL Air National Guard Digital Recruiting,DEPT OF DEFENSE.DEPT OF THE ARMY.NATIONAL GUARD BUREAU.JFHQ USPFO AL.USPFO AL PROCUREMENT.W7MT USPFO ACTIVITY ALANG 187,marketing_communications,46,46,Watch / Possible Subcontractor,Watch or Pass,Pass,No immediate action.,,2026-06-02 02:00 PM CDT,reasonable,Low,No,No,Yes,1,https://sam.gov/workspace/contract/opp/bfe77877418645ac8ddd8dbf0222fc58/view,,2026-05-20 23:50:42
PANNGB-26-P-0000035627,3debad77ad07405c8e3d86ec9d0dc97e,ALANG Digital Marketing,DEPT OF DEFENSE.DEPT OF THE ARMY.NATIONAL GUARD BUREAU.JFHQ USPFO AL.USPFO AL PROCUREMENT.W7MT USPFO ACTIVITY ALANG 187,marketing_communications,46,46,Watch / Possible Subcontractor,Watch or Pass,Pass,No immediate action.,,2026-05-29 02:00 PM CDT,reasonable,Low,No,No,Yes,1,https://sam.gov/workspace/contract/opp/3debad77ad07405c8e3d86ec9d0dc97e/view,,2026-05-20 23:50:42
70US0926Q70092705,62de5f6b5715463c9038eecef044a072,Tactical Medical Operators Course,"HOMELAND SECURITY, DEPARTMENT OF.US SECRET SERVICE.U S SECRET SERVICE",training_documentation,46,46,Watch / Possible Subcontractor,Watch or Pass,Pass,No immediate action.,,2026-05-28 11:00 AM CDT,urgent,Low,No,No,Yes,3,https://sam.gov/workspace/contract/opp/62de5f6b5715463c9038eecef044a072/view,,2026-05-20 23:50:42
140FS226Q0089,2bc205d6897e4b5f8f296bb13974f677,S--MT RED ROCK LAKES NWR BAT EXCLUSION,"INTERIOR, DEPARTMENT OF THE.US FISH AND WILDLIFE SERVICE.FWS, SAT TEAM 2",pest_control,46,46,Watch / Possible Subcontractor,Watch or Pass,Pass,No immediate action.,,2026-05-27 04:00 PM CDT,urgent,Low,No,No,Yes,5,https://sam.gov/workspace/contract/opp/2bc205d6897e4b5f8f296bb13974f677/view,,2026-05-20 23:50:42
W912DY26RA030,620f67e5787042be94734f2826861509,W912DY26RA030 DRAFT SOLICITATION FOR UTILITY MONITORING AND CONTROL SYSTEMS VI,DEPT OF DEFENSE.DEPT OF THE ARMY.US ARMY CORPS OF ENGINEERS.SCO ALEXANDRIA.SUPPORT CENTER HUNTSVILLE.W2V6 USA ENG SPT CTR HUNTSVIL,ai_automation,45,45,Watch / Possible Subcontractor,Watch or Pass,Pass,No immediate action.,,2026-06-22 12:00 PM CDT,long_window,Low,No,No,Yes,1,https://sam.gov/workspace/contract/opp/620f67e5787042be94734f2826861509/view,,2026-05-20 23:50:42
19MX5326Q0036,75b78183f9844b56b8509294176a5d9e,250th INDEPENDENCE DAY CELEBRATION - PRODUCTION SERVICES,"STATE, DEPARTMENT OF.STATE, DEPARTMENT OF.US EMBASSY MEXICO",events_video,45,45,Watch / Possible Subcontractor,Watch or Pass,Pass,No immediate action.,,2026-06-12 01:00 PM CDT,long_window,Low,No,No,Yes,3,https://sam.gov/workspace/contract/opp/75b78183f9844b56b8509294176a5d9e/view,,2026-05-20 23:50:42
140P1526Q0093,82dcc1f642b14da9b2dc649aacb3f43f,CACH PURCHASE OF ROAD MATERIAL,"INTERIOR, DEPARTMENT OF THE.NATIONAL PARK SERVICE.IMR ARIZONA(12400)",trucking_transportation,45,45,Watch / Possible Subcontractor,Watch or Pass,Pass,No immediate action.,,2026-06-11 06:00 PM CDT,long_window,Low,No,No,Yes,2,https://sam.gov/workspace/contract/opp/82dcc1f642b14da9b2dc649aacb3f43f/view,,2026-05-20 23:50:42
RFI-07127-IEO,ffe2c065825c46be84d326cba36dab8c,NATO Request for Information: Integrated Event Operations (IEO) Platform,"COMMERCE, DEPARTMENT OF.BUREAU OF INDUSTRY AND SECURITY",ai_automation,44,44,Watch / Possible Subcontractor,Watch or Pass,Pass,No immediate action.,,2026-05-29 05:00 AM CDT,reasonable,Low,No,No,Yes,1,https://sam.gov/workspace/contract/opp/ffe2c065825c46be84d326cba36dab8c/view,,2026-05-20 23:50:42
892431-26-RFI-0001,0946665594a64118ad7d20ee94ea1d71,Request for Information (RFI) on Scientifically Relevant Fault-Tolerant Quantum Computing Systems,"ENERGY, DEPARTMENT OF.ENERGY, DEPARTMENT OF.SC OAK RIDGE OFFICE",ai_automation,44,44,Watch / Possible Subcontractor,Watch or Pass,Pass,No immediate action.,,2026-06-09 10:59 PM CDT,reasonable,Low,No,No,Yes,1,https://sam.gov/workspace/contract/opp/0946665594a64118ad7d20ee94ea1d71/view,,2026-05-20 23:50:42
2d8e98caeea74b0bb04d8e4dfd2c763e,2d8e98caeea74b0bb04d8e4dfd2c763e,Digital Engineering and Data Management Hub for Integrated Combat Systems,DEPT OF DEFENSE.DEPT OF THE NAVY.NAVSEA,ai_automation,44,44,Watch / Possible Subcontractor,Watch or Pass,Pass,No immediate action.,,2026-05-31 11:00 AM CDT,reasonable,Low,No,No,Yes,1,https://sam.gov/workspace/contract/opp/2d8e98caeea74b0bb04d8e4dfd2c763e/view,,2026-05-20 23:50:42
PANSWD-26-P-030123,6c9fc20d7d514b7e8216590836637c2e,"Janitorial Services in Dumas, TX",DEPT OF DEFENSE.DEPT OF THE ARMY.US ARMY CORPS OF ENGINEERS.ENGINEER DIVISION SOUTHWESTERN.ENDIST FT WORTH.W076 ENDIST FT WORTH,janitorial_facility_support,44,44,Watch / Possible Subcontractor,Watch or Pass,Pass,No immediate action.,,2026-05-26 03:00 PM CDT,urgent,Low,No,No,Yes,1,https://sam.gov/workspace/contract/opp/6c9fc20d7d514b7e8216590836637c2e/view,,2026-05-20 23:50:42
36C10B26Q0155,692f3f7143d84b2da163ab1bcdd73b0b,DA01--Enterprise Cybersecurity Program Audit Support  (VA-26-00036760),"VETERANS AFFAIRS, DEPARTMENT OF.VETERANS AFFAIRS, DEPARTMENT OF.TECHNOLOGY ACQUISITION CENTER NJ (36C10B)",ai_automation,43,43,Watch / Possible Subcontractor,Watch or Pass,Pass,No immediate action.,,,unknown,Low,No,No,Yes,4,https://sam.gov/workspace/contract/opp/692f3f7143d84b2da163ab1bcdd73b0b/view,,2026-05-20 23:50:42
19RP3826Q0074,1b5eeac1aaa74f64b8ef630f6d428a71,Mosquito Control Services for Chancery and Seafront Compound,"STATE, DEPARTMENT OF.STATE, DEPARTMENT OF.US EMBASSY MANILA",pest_control,43,43,Watch / Possible Subcontractor,Watch or Pass,Pass,No immediate action.,,,unknown,Low,No,No,Yes,1,https://sam.gov/workspace/contract/opp/1b5eeac1aaa74f64b8ef630f6d428a71/view,,2026-05-20 23:50:42
05072026,d69192ca22ca42ba9c171490dac950fc,CTPAT Outreach and Communication,"HOMELAND SECURITY, DEPARTMENT OF.US CUSTOMS AND BORDER PROTECTION.BORDER ENFORCEMENT CONTRACTING DIVISION",marketing_communications,42,42,Watch / Possible Subcontractor,Watch or Pass,Pass,No immediate action.,,,unknown,Low,No,No,Yes,1,https://sam.gov/workspace/contract/opp/d69192ca22ca42ba9c171490dac950fc/view,,2026-05-20 23:50:42
TRANSCOM26,c37f4953f4f948a48190d9e89115f47c,Innovative Autonomous Transportation Capabilities for Global Operations,DEPT OF DEFENSE.US TRANSPORTATION COMMAND (USTRANSCOM).USTRANSCOM-AQ,trucking_transportation,42,42,Watch / Possible Subcontractor,Watch or Pass,Pass,No immediate action.,,2026-05-26 12:00 PM CDT,urgent,Low,No,No,Yes,1,https://sam.gov/workspace/contract/opp/c37f4953f4f948a48190d9e89115f47c/view,,2026-05-20 23:50:42
FA4626-26-LCC-CLEANING-SVCS,23c65c834b064aec8b71d98958c1c222,FA4626-26-LCC CLEANING SERVICES,DEPT OF DEFENSE.DEPT OF THE AIR FORCE.AIR FORCE GLOBAL STRIKE COMMAND.FA4626  341 CONS  LGC,janitorial_facility_support,42,42,Watch / Possible Subcontractor,Watch or Pass,Pass,No immediate action.,,2026-05-25 03:00 PM CDT,urgent,Low,No,No,Yes,1,https://sam.gov/workspace/contract/opp/23c65c834b064aec8b71d98958c1c222/view,,2026-05-20 23:50:42
BE04302025151701,47d69aac67fc49bfb9a74df3f6d63ad4,Presolicitation CAPE EVAMOSC Platform Support -,DEPT OF DEFENSE.WASHINGTON HEADQUARTERS SERVICES (WHS).WASHINGTON HEADQUARTERS SERVICES,ai_automation,41,41,Watch / Possible Subcontractor,Watch or Pass,Pass,No immediate action.,,,unknown,Low,No,No,Yes,1,https://sam.gov/workspace/contract/opp/47d69aac67fc49bfb9a74df3f6d63ad4/view,,2026-05-20 23:50:42
36C25026Q0487,da33ddffc48a437eb6bc082df517d01c,R708--Digital and TV Advertising Questions and Answers  36C25026Q0487  Dayton VAMC,"VETERANS AFFAIRS, DEPARTMENT OF.VETERANS AFFAIRS, DEPARTMENT OF.250-NETWORK CONTRACT OFFICE 10 (36C250)",marketing_communications,40,40,Watch / Possible Subcontractor,Watch or Pass,Pass,No immediate action.,,2026-05-25 11:00 AM CDT,urgent,Low,No,No,Yes,2,https://sam.gov/workspace/contract/opp/da33ddffc48a437eb6bc082df517d01c/view,,2026-05-20 23:50:42
36C25026Q0485,67a2e0209b0b497a8fa62bc28b81c81b,R701--Amending RFQ 36C25026Q0485 to answer Questions Submitted for  Dayton VAMC Billboard Advertising,"VETERANS AFFAIRS, DEPARTMENT OF.VETERANS AFFAIRS, DEPARTMENT OF.250-NETWORK CONTRACT OFFICE 10 (36C250)",marketing_communications,40,40,Watch / Possible Subcontractor,Watch or Pass,Pass,No immediate action.,,2026-05-25 11:00 AM CDT,urgent,Low,No,No,Yes,2,https://sam.gov/workspace/contract/opp/67a2e0209b0b497a8fa62bc28b81c81b/view,,2026-05-20 23:50:42
36C256-26-AP-3391,8f8716f5f60145d595ad2d9de8a8e5f5,Window Washing Services at Alexandria LA VA Medical Center,"VETERANS AFFAIRS, DEPARTMENT OF.VETERANS AFFAIRS, DEPARTMENT OF.256-NETWORK CONTRACT OFFICE 16 (36C256)",janitorial_facility_support,40,40,Watch / Possible Subcontractor,Watch or Pass,Pass,No immediate action.,,2026-05-26 04:00 PM CDT,urgent,Low,No,No,Yes,2,https://sam.gov/workspace/contract/opp/8f8716f5f60145d595ad2d9de8a8e5f5/view,,2026-05-20 23:50:42
W50S9E26PA001,83d512e28dc84ac59f38b8a54c61927e,WA ANG Recruiting Sole Source for Movie Theater Advertising,DEPT OF DEFENSE.DEPT OF THE ARMY.NATIONAL GUARD BUREAU.JFHQ USPFO WA.USPFO WA PROCUREMENT.W7N6 USPFO ACTIVITY WAANG 194,marketing_communications,39,39,Pass,Watch or Pass,Pass,No immediate action.,,,unknown,Low,No,No,Yes,1,https://sam.gov/workspace/contract/opp/83d512e28dc84ac59f38b8a54c61927e/view,,2026-05-20 23:50:42
FA460026ITWAAIV,25d35275fed948a3b5a5b2092f4a2c00,ITW/AA IV,DEPT OF DEFENSE.DEPT OF THE AIR FORCE.AIR COMBAT COMMAND.FA4600  55 CONS  PKP,ai_automation,38,38,Pass,Watch or Pass,Pass,No immediate action.,,2026-05-26 01:00 PM CDT,urgent,Low,No,No,Yes,1,https://sam.gov/workspace/contract/opp/25d35275fed948a3b5a5b2092f4a2c00/view,,2026-05-20 23:50:42
19JA8026Q0025,195c05dae8314114894ac745c71db0cc,A250 – American Festival Hibiya Park 2026,"STATE, DEPARTMENT OF.STATE, DEPARTMENT OF.US EMBASSY TOKYO",events_video,38,38,Pass,Watch or Pass,Pass,No immediate action.,,2026-05-28 10:00 AM CDT,urgent,Low,No,No,Yes,1,https://sam.gov/workspace/contract/opp/195c05dae8314114894ac745c71db0cc/view,,2026-05-20 23:50:42
FSS_Onboarding,c9c1f8cded324fc1a24f053ae024b4c8,30 FSS Employee Onboarding Video,DEPT OF DEFENSE.DEPT OF THE AIR FORCE.SPACE SYSTEMS COMMAND.FA4610 30 CONS PK,events_video,38,38,Pass,Watch or Pass,Pass,No immediate action.,,2026-05-27 03:00 PM CDT,urgent,Low,No,No,Yes,1,https://sam.gov/workspace/contract/opp/c9c1f8cded324fc1a24f053ae024b4c8/view,,2026-05-20 23:50:42
FA520526Q0014,347d60a895a74949b0462bc0e7121d8d,"Jet/AGE Wash Service, Misawa AB, Japan",DEPT OF DEFENSE.DEPT OF THE AIR FORCE.PACIFIC AIR FORCES.FA5205  35 CONS PK,janitorial_facility_support,38,38,Pass,Watch or Pass,Pass,No immediate action.,,2026-05-26 09:00 PM CDT,urgent,Low,No,No,Yes,10,https://sam.gov/workspace/contract/opp/347d60a895a74949b0462bc0e7121d8d/view,,2026-05-20 23:50:42
693JJ320A000013_693JJ322F00228N_P00008,f40ef7f27d7044b78282cceaad42c5b8,cybersecurity management support services,"TRANSPORTATION, DEPARTMENT OF.FEDERAL HIGHWAY ADMINISTRATION.693JJ3 ACQUISITION AND GRANTS MGT",ai_automation,36,36,Pass,Watch or Pass,Pass,No immediate action.,,,unknown,Low,No,No,Yes,1,https://sam.gov/workspace/contract/opp/f40ef7f27d7044b78282cceaad42c5b8/view,,2026-05-20 23:50:42
FY26-0694,555b06e1c2f344bb87c96639c43e9adf,Information Technology Program Support and Analytics Services (ITPSAS),DEPT OF DEFENSE.DEFENSE HEALTH AGENCY (DHA).DEFENSE HEALTH AGENCY,ai_automation,35,35,Pass,Watch or Pass,Pass,No immediate action.,,,unknown,Low,No,No,Yes,1,https://sam.gov/workspace/contract/opp/555b06e1c2f344bb87c96639c43e9adf/view,,2026-05-20 23:50:42
HQ003426CE022,61f8149100f7462bb5eb17c5fb628c50,ENTERPRISE VISIBILITY AND MANAGEMENT OF OPERATING AND SUPPORT COST (EVAMOSC) SUPPORT SERVICES,DEPT OF DEFENSE.WASHINGTON HEADQUARTERS SERVICES (WHS).WASHINGTON HEADQUARTERS SERVICES,ai_automation,35,35,Pass,Watch or Pass,Pass,No immediate action.,,,unknown,Low,No,No,Yes,1,https://sam.gov/workspace/contract/opp/61f8149100f7462bb5eb17c5fb628c50/view,,2026-05-20 23:50:42
CEHNC-25-0010,9deb69bb1ebf4825b158333df7ddb3fd,Utility Monitoring and Control Systems (UMCS V MATOC) Capacity Increase,DEPT OF DEFENSE.DEPT OF THE ARMY.US ARMY CORPS OF ENGINEERS.SCO ALEXANDRIA.SUPPORT CENTER HUNTSVILLE.W2V6 USA ENG SPT CTR HUNTSVIL,ai_automation,35,35,Pass,Watch or Pass,Pass,No immediate action.,,,unknown,Low,No,No,Yes,1,https://sam.gov/workspace/contract/opp/9deb69bb1ebf4825b158333df7ddb3fd/view,,2026-05-20 23:50:42
OMAS-26-SBCIT1-F-CMS-0001,ae949622d2a44640a9b8f0b33afd0b69,Hospital Quality Reporting System (HQR) Bridge Limited Source Justification,"HEALTH AND HUMAN SERVICES, DEPARTMENT OF.OFFICE OF THE ASSISTANT SECRETARY FOR FINANCIAL RESOURCES (ASFR).OMAS STRATEGIC BUYING CENTER - INFORMATION TECHNOLOGY",ai_automation,35,35,Pass,Watch or Pass,Pass,No immediate action.,,,unknown,Low,No,No,Yes,1,https://sam.gov/workspace/contract/opp/ae949622d2a44640a9b8f0b33afd0b69/view,,2026-05-20 23:50:42
36C25026Q0582,cfb5b9a507e74bcebd15e388785b0103,Q519--Drumming Circle Program | Base 3 | Intent to Sole Source,"VETERANS AFFAIRS, DEPARTMENT OF.VETERANS AFFAIRS, DEPARTMENT OF.250-NETWORK CONTRACT OFFICE 10 (36C250)",training_documentation,35,35,Pass,Watch or Pass,Pass,No immediate action.,,2026-05-25 08:00 AM CDT,urgent,Low,No,No,Yes,1,https://sam.gov/workspace/contract/opp/cfb5b9a507e74bcebd15e388785b0103/view,,2026-05-20 23:50:42
36C24826Q0693,939f14e5072e424685723f5419da5e40,U008--Intent to Source | Provider Education Services,"VETERANS AFFAIRS, DEPARTMENT OF.VETERANS AFFAIRS, DEPARTMENT OF.248-NETWORK CONTRACT OFFICE 8 (36C248)",training_documentation,35,35,Pass,Watch or Pass,Pass,No immediate action.,,2026-05-27 11:00 AM CDT,urgent,Low,No,No,Yes,1,https://sam.gov/workspace/contract/opp/939f14e5072e424685723f5419da5e40/view,,2026-05-20 23:50:42
36C25526P0154,f27f0063c29d4d509efa22bf3ee05442,U005--National Association Health Quality Memberships,"VETERANS AFFAIRS, DEPARTMENT OF.VETERANS AFFAIRS, DEPARTMENT OF.255-NETWORK CONTRACT OFFICE 15 (36C255)",training_documentation,35,35,Pass,Watch or Pass,Pass,No immediate action.,,,unknown,Low,No,No,Yes,2,https://sam.gov/workspace/contract/opp/f27f0063c29d4d509efa22bf3ee05442/view,,2026-05-20 23:50:42
1232SA26Q0580,f42cb58d7201471a94259e85b2471f3c,USDA-ARS-CCRU Facility - Janitorial Services,"AGRICULTURE, DEPARTMENT OF.AGRICULTURAL RESEARCH SERVICE.USDA ARS AFM APD",janitorial_facility_support,41,26,Likely Too Late / Review Only,Watch or Pass,Pass,No immediate action.,,2026-05-20 02:00 PM CDT,too_soon,Low,No,No,Yes,7,https://sam.gov/workspace/contract/opp/f42cb58d7201471a94259e85b2471f3c/view,,2026-05-20 23:50:42
140P1326Q0025,4eddf57044c84770b35ce861974d9cbe,S--JANITORIAL SERVICES FOR ROCK CREEK PARK,"INTERIOR, DEPARTMENT OF THE.NATIONAL PARK SERVICE.IMR SANTA FE(12100)",janitorial_facility_support,41,26,Likely Too Late / Review Only,Watch or Pass,Pass,No immediate action.,,2026-05-21 11:00 AM CDT,too_soon,Low,No,No,Yes,17,https://sam.gov/workspace/contract/opp/4eddf57044c84770b35ce861974d9cbe/view,,2026-05-20 23:50:42
PANNGB26P0000032668,34cbc04291ee4b169f4c6a43bdebb5a3,129th RQW Janitorial Services - Pre-Solicitation,DEPT OF DEFENSE.DEPT OF THE ARMY.NATIONAL GUARD BUREAU.JFHQ USPFO CA.USPFO CA PROCUREMENT.W7MX USPFO ACTIVITY CA ARNG,janitorial_facility_support,41,26,Likely Too Late / Review Only,Watch or Pass,Pass,No immediate action.,,2026-05-22 02:00 PM CDT,too_soon,Low,No,No,Yes,1,https://sam.gov/workspace/contract/opp/34cbc04291ee4b169f4c6a43bdebb5a3/view,,2026-05-20 23:50:42
1240BE26Q0059,1655bf9376494ed6baedbca2aa49e68a,Central Coast Ranger District Janitorial Cleaning Services,"AGRICULTURE, DEPARTMENT OF.FOREST SERVICE.SIUSLAW NATIONAL FOREST",janitorial_facility_support,41,26,Likely Too Late / Review Only,Watch or Pass,Pass,No immediate action.,,2026-05-22 07:00 PM CDT,too_soon,Low,No,No,Yes,3,https://sam.gov/workspace/contract/opp/1655bf9376494ed6baedbca2aa49e68a/view,,2026-05-20 23:50:42
140P8526Q0038,4b08b77f227142ae91e64896b2bb84b8,S--Janitorial Services for Devils Postpile NM,"INTERIOR, DEPARTMENT OF THE.NATIONAL PARK SERVICE.PWR SF/SEA MABO(85000)",janitorial_facility_support,41,26,Likely Too Late / Review Only,Watch or Pass,Pass,No immediate action.,,2026-05-22 07:00 PM CDT,too_soon,Low,No,No,Yes,8,https://sam.gov/workspace/contract/opp/4b08b77f227142ae91e64896b2bb84b8/view,,2026-05-20 23:50:42
140FS326Q0067,5a8fc9fd41544e61b1069fa0a342fdf4,JANITORIAL SERVICES FOR FWS CRAIG BROOK NFH,"INTERIOR, DEPARTMENT OF THE.US FISH AND WILDLIFE SERVICE.FWS SAT TEAM 3",janitorial_facility_support,41,26,Likely Too Late / Review Only,Watch or Pass,Pass,No immediate action.,,2026-05-20 04:00 PM CDT,too_soon,Low,No,No,Yes,4,https://sam.gov/workspace/contract/opp/5a8fc9fd41544e61b1069fa0a342fdf4/view,,2026-05-20 23:50:42
140P5426Q0012,c234523a2e20439b96c7aa4e6d9d431c,F--HOU PEST CONTROL SERVICES - FY 26,"INTERIOR, DEPARTMENT OF THE.NATIONAL PARK SERVICE.SER SOUTH MABO (54000)",pest_control,41,26,Likely Too Late / Review Only,Watch or Pass,Pass,No immediate action.,,2026-05-22 03:00 PM CDT,too_soon,Low,No,No,Yes,5,https://sam.gov/workspace/contract/opp/c234523a2e20439b96c7aa4e6d9d431c/view,,2026-05-20 23:50:42
RFI_HATTERAS,738ab89b4d8d4f43aad690d602f47285,RFI-HATTERAS,DEPT OF DEFENSE.NATIONAL GEOSPATIAL-INTELLIGENCE AGENCY (NGA).ATTN: MS S84 - OCS,ai_automation,49,24,Watch / Possible Subcontractor,Watch or Pass,Pass,No immediate action.,,2026-06-03 12:00 PM CDT,reasonable,Low,No,No,Yes,1,https://sam.gov/workspace/contract/opp/738ab89b4d8d4f43aad690d602f47285/view,,2026-05-20 23:50:42
W912LA26QA010,154866f37bf44f3d85549bdaec41ac44,Digital Marketing (EDWOSB),DEPT OF DEFENSE.DEPT OF THE ARMY.NATIONAL GUARD BUREAU.JFHQ USPFO CA.USPFO CA PROCUREMENT.W7MX USPFO ACTIVITY CA ARNG,marketing_communications,39,24,Likely Too Late / Review Only,Watch or Pass,Pass,No immediate action.,,2026-05-20 06:00 PM CDT,too_soon,Low,No,No,Yes,4,https://sam.gov/workspace/contract/opp/154866f37bf44f3d85549bdaec41ac44/view,,2026-05-20 23:50:42
15JA0526Q00000053,1cb2215714fe469491ed0381e0e584a8,"Contractor Support Services (Media Relations Assistant) for the USAO, Southern District of Mississippi","JUSTICE, DEPARTMENT OF.OFFICES, BOARDS AND DIVISIONS.EOUSA-ACQUISITIONS STAFF",marketing_communications,39,24,Likely Too Late / Review Only,Watch or Pass,Pass,No immediate action.,,2026-05-20 01:00 PM CDT,too_soon,Low,No,No,Yes,6,https://sam.gov/workspace/contract/opp/1cb2215714fe469491ed0381e0e584a8/view,,2026-05-20 23:50:42
140FS326Q0065,ed01aeaf45684b069cc51cc35f66dbbf,NWR SYSTEM LEARNING ECOSYSTEM TRAINING DEVELOPMENT,"INTERIOR, DEPARTMENT OF THE.US FISH AND WILDLIFE SERVICE.FWS SAT TEAM 3",training_documentation,39,24,Likely Too Late / Review Only,Watch or Pass,Pass,No immediate action.,,2026-05-20 04:00 PM CDT,too_soon,Low,No,No,Yes,4,https://sam.gov/workspace/contract/opp/ed01aeaf45684b069cc51cc35f66dbbf/view,,2026-05-20 23:50:42
W912ES26QA060,a148ff94b7084eacae98ddf0692ca8d6,Transportation of Grove RT530E-2 Rough Terrain Crane,DEPT OF DEFENSE.DEPT OF THE ARMY.US ARMY CORPS OF ENGINEERS.ENGINEER DIVISION MISSISSIPPI VALLEY.ENDIST ST PAUL.W07V ENDIST ST PAUL,trucking_transportation,39,24,Likely Too Late / Review Only,Watch or Pass,Pass,No immediate action.,,2026-05-22 02:00 PM CDT,too_soon,Low,No,No,Yes,1,https://sam.gov/workspace/contract/opp/a148ff94b7084eacae98ddf0692ca8d6/view,,2026-05-20 23:50:42
FA481926Q0021,191ff5a9affe4afc9554b11396232d48,AFNORTH Interior & Exterior Cleaning,DEPT OF DEFENSE.DEPT OF THE AIR FORCE.AIR COMBAT COMMAND.FA4819  325 CONS PKP,janitorial_facility_support,39,24,Likely Too Late / Review Only,Watch or Pass,Pass,No immediate action.,,2026-05-20 12:00 PM CDT,too_soon,Low,No,No,Yes,15,https://sam.gov/workspace/contract/opp/191ff5a9affe4afc9554b11396232d48/view,,2026-05-20 23:50:42
1332KP26Q0030,efc10649edb84fe3aa48f690a835b6b9,Mosquito Control Application Spraying at Wallops Command Data Acquisition Station (WCDAS),"COMMERCE, DEPARTMENT OF.NATIONAL OCEANIC AND ATMOSPHERIC ADMINISTRATION.DEPT OF COMMERCE NOAA",pest_control,39,24,Likely Too Late / Review Only,Watch or Pass,Pass,No immediate action.,,2026-05-21 10:00 AM CDT,too_soon,Low,No,No,Yes,1,https://sam.gov/workspace/contract/opp/efc10649edb84fe3aa48f690a835b6b9/view,,2026-05-20 23:50:42
N0018926QL150,baa61a49d3e04b37be5a66914f93f2a9,*AMENDED* Relocation Services for Fitness Equipment *AMENDED*,DEPT OF DEFENSE.DEPT OF THE NAVY.NAVSUP.NAVSUP GLOBAL LOGISTICS SUPPORT.NAVSUP FLC NORFOLK.NAVSUP FLT LOG CTR NORFOLK,trucking_transportation,38,23,Likely Too Late / Review Only,Watch or Pass,Pass,No immediate action.,,2026-05-21 10:00 AM CDT,too_soon,Low,No,No,Yes,5,https://sam.gov/workspace/contract/opp/baa61a49d3e04b37be5a66914f93f2a9/view,,2026-05-20 23:50:42
SPE8E926T2495,b51d781a46274b66a076b50ab38798cd,"42--HARNESS,SAFETY,INDU",DEPT OF DEFENSE.DEFENSE LOGISTICS AGENCY.TROOP SUPPORT CONSTRUCTION & EQUIPMENT.DLA TROOP SUPPORT,facility_supplies_distribution,38,23,Likely Too Late / Review Only,Watch or Pass,Pass,No immediate action.,,2026-05-21 07:00 PM CDT,too_soon,Low,No,No,Yes,1,https://sam.gov/workspace/contract/opp/b51d781a46274b66a076b50ab38798cd/view,,2026-05-20 23:50:42
70US0926Q70092704,1884cd1e8a4c448b87593519522ab9d0,Basic Tactics Course,"HOMELAND SECURITY, DEPARTMENT OF.US SECRET SERVICE.U S SECRET SERVICE",training_documentation,37,22,Likely Too Late / Review Only,Watch or Pass,Pass,No immediate action.,,2026-05-21 08:00 AM CDT,too_soon,Low,No,No,Yes,5,https://sam.gov/workspace/contract/opp/1884cd1e8a4c448b87593519522ab9d0/view,,2026-05-20 23:50:42
70Z03626Q0024-2,e7e9967b14504b06a871322b7a4f342d,"Crane Operator, Rigger, and Forklift Train-the-Trainer Courses for USCG Base Charleston","HOMELAND SECURITY, DEPARTMENT OF.US COAST GUARD.BASE CHARLESTON",training_documentation,37,22,Likely Too Late / Review Only,Watch or Pass,Pass,No immediate action.,,2026-05-22 11:00 AM CDT,too_soon,Low,No,No,Yes,4,https://sam.gov/workspace/contract/opp/e7e9967b14504b06a871322b7a4f342d/view,,2026-05-20 23:50:42
W912L726Q0527,275ba19156da44ec81c3320d28613fbb,W912L726Q0527 35_176_777 AG WASH SMYRNA TN 26-28MAY2026,DEPT OF DEFENSE.DEPT OF THE ARMY.NATIONAL GUARD BUREAU.JFHQ USPFO TN.USPFO TN PROCUREMENT.W7N1 USPFO ACTIVITY TN ARNG,janitorial_facility_support,37,22,Likely Too Late / Review Only,Watch or Pass,Pass,No immediate action.,,2026-05-21 10:00 AM CDT,too_soon,Low,No,No,Yes,3,https://sam.gov/workspace/contract/opp/275ba19156da44ec81c3320d28613fbb/view,,2026-05-20 23:50:42
12639526Q1035,fe16433e31554bf58bd79740f17a3732,Installation of Predator Fence,"AGRICULTURE, DEPARTMENT OF.ANIMAL AND PLANT HEALTH INSPECTION SERVICE.MRPBS MINNEAPOLIS MN",unknown,20,20,Pass,Watch or Pass,Pass,No immediate action.,,2026-06-05 12:00 PM CDT,reasonable,Low,No,No,Yes,6,https://sam.gov/workspace/contract/opp/fe16433e31554bf58bd79740f17a3732/view,,2026-05-20 23:50:42
140P6326Q0026,fd45924b28894542a46704464c3969d3,J--BARN SPRINKLER REPAIR SERVICE,"INTERIOR, DEPARTMENT OF THE.NATIONAL PARK SERVICE.MWR NEKOTA(63000)",unknown,20,20,Pass,Watch or Pass,Pass,No immediate action.,,2026-05-28 04:00 PM CDT,reasonable,Low,No,No,Yes,6,https://sam.gov/workspace/contract/opp/fd45924b28894542a46704464c3969d3/view,,2026-05-20 23:50:42
SS_CyberSecurityTraining_C200,90e6f796ca1d42abb100a9aec6d1f71e,Cyber Security Training for Federal Contracting Professionals,DEPT OF DEFENSE.DEPT OF THE NAVY.NAVSUP.NAVSUP GLOBAL LOGISTICS SUPPORT.NAVSUP FLC SAN DIEGO.NAVSUP FLT LOG CTR  SAN DIEGO,training_documentation,34,19,Likely Too Late / Review Only,Watch or Pass,Pass,No immediate action.,,2026-05-22 02:00 PM CDT,too_soon,Low,No,No,Yes,2,https://sam.gov/workspace/contract/opp/90e6f796ca1d42abb100a9aec6d1f71e/view,,2026-05-20 23:50:42
N0010425QYJ61,f87bc2ed8c474f8b84095eb0e7ad26e7,"31--BALL,BEARING",DEPT OF DEFENSE.DEPT OF THE NAVY.NAVSUP.NAVSUP WEAPON SYSTEMS SUPPORT.NAVSUP WSS MECHANICSBURG.NAVSUP WEAPON SYSTEMS SUPPORT MECH,unknown,18,18,Pass,Watch or Pass,Pass,No immediate action.,,2026-06-30 03:30 PM CDT,long_window,Low,No,No,Yes,1,https://sam.gov/workspace/contract/opp/f87bc2ed8c474f8b84095eb0e7ad26e7/view,,2026-05-20 23:50:42
NAFUA1-26-Q-0008,b13f9f2087ee40328ded3e70e79ebd43,DLA FAMILY DAY EVENT PLANNING & OPERATIONS - FT BELVOIR MWR,DEPT OF DEFENSE.DEFENSE LOGISTICS AGENCY.DEFENSE LOGISTICS AGENCY,events_video,32,17,Likely Too Late / Review Only,Watch or Pass,Pass,No immediate action.,,2026-05-22 09:00 AM CDT,too_soon,Low,No,No,Yes,3,https://sam.gov/workspace/contract/opp/b13f9f2087ee40328ded3e70e79ebd43/view,,2026-05-20 23:50:42
2031ZA26N00036,f7ed4f09111b448983b10b09599cdf16,Notice of Intent to Award Sole Source-BEP Part 2M033245 -BRUSH WIPER,"TREASURY, DEPARTMENT OF THE.BUREAU OF ENGRAVING AND PRINTING.OFFICE OF THE CHIEF PROCUREMENT OFFICER",unknown,17,17,Pass,Watch or Pass,Pass,No immediate action.,,2026-05-29 11:00 AM CDT,reasonable,Low,No,No,Yes,2,https://sam.gov/workspace/contract/opp/f7ed4f09111b448983b10b09599cdf16/view,,2026-05-20 23:50:42
FA483026Q0035,b96b298e98454da4a162feb2c0f03e4e,Virtual Suite Upgrade,DEPT OF DEFENSE.DEPT OF THE AIR FORCE.AIR COMBAT COMMAND.FA4830  23 CONS CC,ai_automation,31,16,Likely Too Late / Review Only,Watch or Pass,Pass,No immediate action.,,2026-05-20 01:00 PM CDT,too_soon,Low,No,No,Yes,1,https://sam.gov/workspace/contract/opp/b96b298e98454da4a162feb2c0f03e4e/view,,2026-05-20 23:50:42
36C26126Q0592,cb1d28ae17c840fdbd7540236f9e2380,Eye Movement Desensitization and Reprocessing Therapy training,"VETERANS AFFAIRS, DEPARTMENT OF.VETERANS AFFAIRS, DEPARTMENT OF.261-NETWORK CONTRACT OFFICE 21 (36C261)",training_documentation,31,16,Likely Too Late / Review Only,Watch or Pass,Pass,No immediate action.,,2026-05-20 04:00 PM CDT,too_soon,Low,No,No,Yes,1,https://sam.gov/workspace/contract/opp/cb1d28ae17c840fdbd7540236f9e2380/view,,2026-05-20 23:50:42
70Z03826IK0000003,f61f640e314b4f968b3811b32a2205dd,Industrial Grade 3D Printer,"HOMELAND SECURITY, DEPARTMENT OF.US COAST GUARD.AVIATION LOGISTICS CENTER (ALC)(00038)",trucking_transportation,16,16,Pass,Watch or Pass,Pass,No immediate action.,,2026-06-05 01:00 PM CDT,reasonable,Low,No,No,Yes,1,https://sam.gov/workspace/contract/opp/f61f640e314b4f968b3811b32a2205dd/view,,2026-05-20 23:50:42
030ADV26Q0107,c3037cad6b2a4ec7b2d8d9e22cf2cb27,eMAM Media Asset Management maintenance and business licenses,LIBRARY OF CONGRESS.LIBRARY OF CONGRESS.CONTRACTS SERVICES,ai_automation,29,14,Likely Too Late / Review Only,Watch or Pass,Pass,No immediate action.,,2026-05-21 11:00 AM CDT,too_soon,Low,No,No,Yes,3,https://sam.gov/workspace/contract/opp/c3037cad6b2a4ec7b2d8d9e22cf2cb27/view,,2026-05-20 23:50:42
140606-26-0009,2208203f76a24054807c9d13368bc3a8,NCMA World Congress 2026,"COMMERCE, DEPARTMENT OF.NATIONAL OCEANIC AND ATMOSPHERIC ADMINISTRATION.DEPT OF COMMERCE NOAA",training_documentation,29,14,Likely Too Late / Review Only,Watch or Pass,Pass,No immediate action.,,2026-05-22 03:00 PM CDT,too_soon,Low,No,No,Yes,1,https://sam.gov/workspace/contract/opp/2208203f76a24054807c9d13368bc3a8/view,,2026-05-20 23:50:42
PR15979363,2f373e8af1074c0b83e0bbd3e8432c77,4th of July - Event decor,"STATE, DEPARTMENT OF.STATE, DEPARTMENT OF.US EMBASSY TIRANA",events_video,29,14,Likely Too Late / Review Only,Watch or Pass,Pass,No immediate action.,,2026-05-22 03:00 AM CDT,too_soon,Low,No,No,Yes,2,https://sam.gov/workspace/contract/opp/2f373e8af1074c0b83e0bbd3e8432c77/view,,2026-05-20 23:50:42
36C26226Q0837,ffc2232f16f64e829ad6177e32a96acb,2330--Surveillance Camera Trailer,"VETERANS AFFAIRS, DEPARTMENT OF.VETERANS AFFAIRS, DEPARTMENT OF.262-NETWORK CONTRACT OFFICE 22 (36C262)",unknown,14,14,Pass,Watch or Pass,Pass,No immediate action.,,2026-06-02 09:00 AM CDT,reasonable,Low,No,No,Yes,3,https://sam.gov/workspace/contract/opp/ffc2232f16f64e829ad6177e32a96acb/view,,2026-05-20 23:50:42
SPRMM126QKC15,f99c1dc152c6457c9e54f5e137a3e02e,POWER SUPPLY,DEPT OF DEFENSE.DEFENSE LOGISTICS AGENCY.DLA MARITIME.DLA MARITIME MECHANICSBURG.SPRMM1 DLA MECHANICSBURG,trucking_transportation,14,14,Pass,Watch or Pass,Pass,No immediate action.,,2026-05-29 03:30 PM CDT,reasonable,Low,No,No,Yes,1,https://sam.gov/workspace/contract/opp/f99c1dc152c6457c9e54f5e137a3e02e/view,,2026-05-20 23:50:42
36C24826Q0712,f4a741e03741470092a193666cd8dafe,6515--FY26: Penumbra Thrombectomy System  for Interventional Radiology,"VETERANS AFFAIRS, DEPARTMENT OF.VETERANS AFFAIRS, DEPARTMENT OF.248-NETWORK CONTRACT OFFICE 8 (36C248)",unknown,14,14,Pass,Watch or Pass,Pass,No immediate action.,,2026-05-29 12:00 PM CDT,reasonable,Low,No,No,Yes,2,https://sam.gov/workspace/contract/opp/f4a741e03741470092a193666cd8dafe/view,,2026-05-20 23:50:42
SPE3SE26Q0283,f0b52893643b493dba164266fde52839,73--Equipment IST - FTRD,DEPT OF DEFENSE.DEFENSE LOGISTICS AGENCY.TROOP SUPPORT SUBSISTENCE.DLA TROOP SUPPORT,trucking_transportation,13,13,Pass,Watch or Pass,Pass,No immediate action.,,2026-05-27 07:00 PM CDT,urgent,Low,No,No,Yes,1,https://sam.gov/workspace/contract/opp/f0b52893643b493dba164266fde52839/view,,2026-05-20 23:50:42
SPE4A726T393S,effaa527ff6f444bb3402dffb9dce287,"53--BOLT,MACHINE",DEPT OF DEFENSE.DEFENSE LOGISTICS AGENCY.DLA AVIATION.DLA AV RICHMOND.DLA AVIATION,trucking_transportation,13,13,Pass,Watch or Pass,Pass,No immediate action.,,2026-05-27 07:00 PM CDT,urgent,Low,No,No,Yes,1,https://sam.gov/workspace/contract/opp/effaa527ff6f444bb3402dffb9dce287/view,,2026-05-20 23:50:42
SPRMM126QMG16,fcd63eb9a89e4ae8b05afdd05da6f695,"PUMP UNIT,CENTRIFUG",DEPT OF DEFENSE.DEFENSE LOGISTICS AGENCY.DLA MARITIME.DLA MARITIME MECHANICSBURG.SPRMM1 DLA MECHANICSBURG,trucking_transportation,12,12,Pass,Watch or Pass,Pass,No immediate action.,,2026-06-22 03:30 PM CDT,long_window,Low,No,No,Yes,1,https://sam.gov/workspace/contract/opp/fcd63eb9a89e4ae8b05afdd05da6f695/view,,2026-05-20 23:50:42
W912HN-27-MOUNT_AIRY-NC-7002,f9d7b01afc544cb0af6ef95124053396,"Armed Forces Career Center - Mount Airy, North Carolina",DEPT OF DEFENSE.DEPT OF THE ARMY.US ARMY CORPS OF ENGINEERS.ENGINEER DIVISION SOUTH ATLANTIC.ENDIST SAVANNAH.W074 ENDIST SAVANNAH,unknown,12,12,Pass,Watch or Pass,Pass,No immediate action.,,2026-06-10 10:59 PM CDT,reasonable,Low,No,No,Yes,3,https://sam.gov/workspace/contract/opp/f9d7b01afc544cb0af6ef95124053396/view,,2026-05-20 23:50:42
W912HN-27-COLUMBUS-GA-6011,f9b1c7618ed94e5581f2706d7c61b1e6,"Armed Forces Career Center - Columbus, Georgia",DEPT OF DEFENSE.DEPT OF THE ARMY.US ARMY CORPS OF ENGINEERS.ENGINEER DIVISION SOUTH ATLANTIC.ENDIST SAVANNAH.W074 ENDIST SAVANNAH,unknown,12,12,Pass,Watch or Pass,Pass,No immediate action.,,2026-06-10 10:59 PM CDT,reasonable,Low,No,No,Yes,4,https://sam.gov/workspace/contract/opp/f9b1c7618ed94e5581f2706d7c61b1e6/view,,2026-05-20 23:50:42
W912HN-27-WILKESBORO-NC-7003,f8ba8f06658c445a92e12b2257f0b957,"Armed Forces Career Center - Wilkesboro, North Carolina",DEPT OF DEFENSE.DEPT OF THE ARMY.US ARMY CORPS OF ENGINEERS.ENGINEER DIVISION SOUTH ATLANTIC.ENDIST SAVANNAH.W074 ENDIST SAVANNAH,unknown,12,12,Pass,Watch or Pass,Pass,No immediate action.,,2026-06-10 10:59 PM CDT,reasonable,Low,No,No,Yes,3,https://sam.gov/workspace/contract/opp/f8ba8f06658c445a92e12b2257f0b957/view,,2026-05-20 23:50:42
W912HN-27-FLORENCE-SC-6012,f381491c329449ef977c2c2e1f2931b8,"Armed Forces Career Center - Florence, South Carolina",DEPT OF DEFENSE.DEPT OF THE ARMY.US ARMY CORPS OF ENGINEERS.ENGINEER DIVISION SOUTH ATLANTIC.ENDIST SAVANNAH.W074 ENDIST SAVANNAH,unknown,12,12,Pass,Watch or Pass,Pass,No immediate action.,,2026-06-10 10:59 PM CDT,reasonable,Low,No,No,Yes,3,https://sam.gov/workspace/contract/opp/f381491c329449ef977c2c2e1f2931b8/view,,2026-05-20 23:50:42
191V1026R0001,f114226975d44b37b6a4cee325c88add,Health and life solicitation,"STATE, DEPARTMENT OF.STATE, DEPARTMENT OF.US EMBASSY ABIDJAN",unknown,12,12,Pass,Watch or Pass,Pass,No immediate action.,,2026-06-03 03:00 PM CDT,reasonable,Low,No,No,Yes,1,https://sam.gov/workspace/contract/opp/f114226975d44b37b6a4cee325c88add/view,,2026-05-20 23:50:42
SPRTA126R0241,ee8d925399f24700b94b19f14ec61764,Case Compressor Air,"DEPT OF DEFENSE.DEFENSE LOGISTICS AGENCY.DLA AVIATION.DLA AVIATION OKLAHOMA CITY.DLA AVIATION AT OKLAHOMA CITY, OK",trucking_transportation,12,12,Pass,Watch or Pass,Pass,No immediate action.,,2026-06-19 04:00 PM CDT,long_window,Low,No,No,Yes,6,https://sam.gov/workspace/contract/opp/ee8d925399f24700b94b19f14ec61764/view,,2026-05-20 23:50:42
FA527026QA016,fc83206272e344eb89dd8e51d7fdbdd3,Portable Latrine and Handwash Station Rental,DEPT OF DEFENSE.DEPT OF THE AIR FORCE.PACIFIC AIR FORCES.FA5270  18 CONS PK,unknown,10,10,Pass,Watch or Pass,Pass,No immediate action.,,2026-06-11 09:00 PM CDT,long_window,Low,No,No,Yes,6,https://sam.gov/workspace/contract/opp/fc83206272e344eb89dd8e51d7fdbdd3/view,,2026-05-20 23:50:42
DARPA-PS-26-119,f5c6440e97ad45b09e2619b1b5519ac8,Area-Multiplied Photonic-crystal Enhanced Devices (AMPED),DEPT OF DEFENSE.DEFENSE ADVANCED RESEARCH PROJECTS AGENCY  (DARPA).DEF ADVANCED RESEARCH PROJECTS AGCY,unknown,10,10,Pass,Watch or Pass,Pass,No immediate action.,,2026-07-09 08:00 AM CDT,long_window,Low,No,No,Yes,16,https://sam.gov/workspace/contract/opp/f5c6440e97ad45b09e2619b1b5519ac8/view,,2026-05-20 23:50:42
N0010426QLB92,f286753e668c4b8ba43b45e6eece37c0,"MOTOR,ALTERNATING C",DEPT OF DEFENSE.DEPT OF THE NAVY.NAVSUP.NAVSUP WEAPON SYSTEMS SUPPORT.NAVSUP WSS MECHANICSBURG.NAVSUP WEAPON SYSTEMS SUPPORT MECH,unknown,10,10,Pass,Watch or Pass,Pass,No immediate action.,,2026-06-19 03:30 PM CDT,long_window,Low,No,No,Yes,1,https://sam.gov/workspace/contract/opp/f286753e668c4b8ba43b45e6eece37c0/view,,2026-05-20 23:50:42
SPE4A626T66M5,fe72103878b84051b5ca5cac721c6187,"53--BOLT,SHEAR",DEPT OF DEFENSE.DEFENSE LOGISTICS AGENCY.DLA AVIATION.DLA AV RICHMOND.DLA AVIATION,trucking_transportation,5,5,Pass,Watch or Pass,Pass,No immediate action.,,2026-05-27 07:00 PM CDT,urgent,Low,No,No,Yes,1,https://sam.gov/workspace/contract/opp/fe72103878b84051b5ca5cac721c6187/view,,2026-05-20 23:50:42
SPE4A626T66G8,fcba587ec0db4ffd8539fa35da60d0d0,"25--ACTUATOR,STEERING,M",DEPT OF DEFENSE.DEFENSE LOGISTICS AGENCY.DLA AVIATION.DLA AV RICHMOND.DLA AVIATION,trucking_transportation,5,5,Pass,Watch or Pass,Pass,No immediate action.,,2026-05-27 07:00 PM CDT,urgent,Low,No,No,Yes,1,https://sam.gov/workspace/contract/opp/fcba587ec0db4ffd8539fa35da60d0d0/view,,2026-05-20 23:50:42
36C25926Q0305,f9502e7ede9548ce9a6d0d91d4b05a4d,6640--623 (Activation) Lab Special Stains -equipment rental  reagent CPK- PKG 276 CHIP-IN,"VETERANS AFFAIRS, DEPARTMENT OF.VETERANS AFFAIRS, DEPARTMENT OF.NETWORK CONTRACT OFFICE 19 (36C259)",unknown,3,3,Pass,Watch or Pass,Pass,No immediate action.,,2026-05-26 04:00 PM CDT,urgent,Low,No,No,Yes,7,https://sam.gov/workspace/contract/opp/f9502e7ede9548ce9a6d0d91d4b05a4d/view,,2026-05-20 23:50:42
N3220526Q7166,f61db35916974e9abc2a89b9c5b5bdd5,USNS BURLINGTON MAIN PROPULSION DIESEL ENGINES MAINTENANCE AND REPAIRS,DEPT OF DEFENSE.DEPT OF THE NAVY.MSC.MSC HQS.MSCHQ NORFOLK,unknown,3,3,Pass,Watch or Pass,Pass,No immediate action.,,2026-05-26 12:00 PM CDT,urgent,Low,No,No,Yes,2,https://sam.gov/workspace/contract/opp/f61db35916974e9abc2a89b9c5b5bdd5/view,,2026-05-20 23:50:42
W15QKN26QA064,660a95bf18304d9c99eb7f63ecda19d8,"W15QKN26QA064 Custodial Services in New Kensington, PA (PA067)",DEPT OF DEFENSE.DEPT OF THE ARMY.AMC.ACC.ACC-CTRS.ACC-NJ.W6QK ACC-PICA,janitorial_facility_support,67,0,Review,Teaming/Subcontractor Target — Prime blocked by set-aside,Teaming Target,Identify eligible prime or similarly situated teaming partner before pursuing.,,2026-06-03 11:00 AM CDT,reasonable,Medium,No,Yes,Yes,1,https://sam.gov/workspace/contract/opp/660a95bf18304d9c99eb7f63ecda19d8/view,,2026-05-20 23:50:42
36C78626Q50174,164a54f3eafd4d1ba933d6232563e30d,"Pest Control (Geese Mitigation) Services, Ft Logan National Cemetery","VETERANS AFFAIRS, DEPARTMENT OF.VETERANS AFFAIRS, DEPARTMENT OF.NATIONAL CEMETERY ADMIN (36C786)",pest_control,65,0,Review,Teaming/Subcontractor Target — Prime blocked by set-aside,Teaming Target,Identify eligible prime or similarly situated teaming partner before pursuing.,,2026-06-05 02:00 PM CDT,reasonable,Medium,No,Yes,Yes,3,https://sam.gov/workspace/contract/opp/164a54f3eafd4d1ba933d6232563e30d/view,,2026-05-20 23:50:42
